model,scan,dice_GM,dice_WM,dice_CSF,dice_Brainstem_CerebellarNuclei,dice_AvgAll
VNETL1,sub-01_T1w.nii.gz,0.8975698719261715,0.9010093859585095,0.8641473798376266,0.8999092985083024,0.8823514609376638
VNETL1,sub-02_T1w.nii.gz,0.9199448363143519,0.9140575196495814,0.8975473925749734,0.9309523645459459,0.9099941731173302
VNETL1,sub-03_T1w.nii.gz,0.891978380843853,0.9115030560057313,0.8587723310708666,0.923401444989279,0.8813654644139297
VNETL1,sub-04_T1w.nii.gz,0.9016796409453585,0.892038381210086,0.8756284863364046,0.9233170756179128,0.8871239745292829
VNETL1,sub-05_T1w.nii.gz,0.9061333775047947,0.8997310651133343,0.8653921445017276,0.9237072300321074,0.89158146685972
VNETL1,sub-06_T1w.nii.gz,0.9204445451019856,0.9195458469448436,0.8982125542373967,0.938722973303441,0.9109453104829395
VNETL1,sub-07_T1w.nii.gz,0.9089922550016694,0.9041451259731962,0.8722943022261662,0.917198979809469,0.8931086915822404
VNETL1,sub-08_T1w.nii.gz,0.894676767915233,0.9029013167528939,0.8751248317690697,0.9186409920645766,0.8857567361903025
VNETL1,sub-09_T1w.nii.gz,0.9127078547147733,0.917079115116581,0.8855974207702573,0.9364414872708517,0.9000163692309684
VNETL1,sub-10_T1w.nii.gz,0.9042690919345526,0.9074126147202928,0.8918471706224782,0.9230337161117736,0.895265794307871
VNETGAN,sub-01_T1w.nii.gz,0.8721431294546927,0.8804202149248614,0.8228674381173555,0.8991205374763197,0.8549734785828864
VNETGAN,sub-02_T1w.nii.gz,0.902635920045623,0.8749976030892411,0.8771638394723957,0.921131745280771,0.8874510448192521
VNETGAN,sub-03_T1w.nii.gz,0.8925133276642837,0.8982517941933326,0.8323894140499627,0.9117898418565666,0.8749779381993879
VNETGAN,sub-04_T1w.nii.gz,0.8924749426722532,0.8876369534327159,0.871469094450236,0.9231440536590962,0.8767504721209933
VNETGAN,sub-05_T1w.nii.gz,0.8945189543991826,0.8777197672896453,0.8516338581623615,0.9230547952519428,0.8776976957501925
VNETGAN,sub-06_T1w.nii.gz,0.8839212468531743,0.8610342813924319,0.8553232660689092,0.9177351801354621,0.8704626979503445
VNETGAN,sub-07_T1w.nii.gz,0.8925409168160314,0.8943788344607055,0.8523536450954559,0.8992248254477404,0.8754235951344529
VNETGAN,sub-08_T1w.nii.gz,0.891032313320982,0.9088332290716357,0.8688142338980491,0.9003852989740407,0.8830453938934024
VNETGAN,sub-09_T1w.nii.gz,0.8996177015807097,0.8907471629494678,0.8560758037805456,0.922341948805889,0.8816107641963843
VNETGAN,sub-10_T1w.nii.gz,0.8779614758484009,0.8795649446813575,0.8721909561915459,0.909355598739573,0.866317660488376
VENTPercept,sub-01_T1w.nii.gz,0.9037991577285472,0.9117390948576672,0.8695109068311698,0.9105614295003589,0.8916620303032794
VENTPercept,sub-02_T1w.nii.gz,0.9121380620530604,0.9110672938838518,0.8967884170144924,0.930419837941499,0.9031362281700449
VENTPercept,sub-03_T1w.nii.gz,0.9100862952197692,0.9062512771359539,0.8725915628150546,0.9216097634420514,0.8952893797645862
VENTPercept,sub-04_T1w.nii.gz,0.9068884068314712,0.9037232992839948,0.8800529680588409,0.9279185037934299,0.8931424245597066
VENTPercept,sub-05_T1w.nii.gz,0.9010721005430172,0.8922525625491514,0.845011620907524,0.9075115336346539,0.8862203278131824
VENTPercept,sub-06_T1w.nii.gz,0.9109244510219783,0.9064804989156825,0.8910200307868543,0.930702701140494,0.8994369461670788
VENTPercept,sub-07_T1w.nii.gz,0.907523522817297,0.9008446921966338,0.865489218808227,0.9053738525551092,0.8887965733254778
VENTPercept,sub-08_T1w.nii.gz,0.8934195026915845,0.9000662364240151,0.8702414018781047,0.9235301577645041,0.8837139058461949
VENTPercept,sub-09_T1w.nii.gz,0.9189092014664885,0.9243244796929603,0.8851290541792871,0.9353616910750244,0.9066231862157073
VENTPercept,sub-10_T1w.nii.gz,0.8968126990906885,0.9016367128076256,0.8835662071839918,0.916943284147553,0.8894483353214404
UNET_Conv,sub-01_T1w.nii.gz,0.9114061124915257,0.9150179845300419,0.8716248123657044,0.909923073963839,0.8975329068164926
UNET_Conv,sub-02_T1w.nii.gz,0.9264748198542898,0.9225194219228754,0.9058136923373716,0.938320391906121,0.9161141486782711
UNET_Conv,sub-03_T1w.nii.gz,0.919692683290045,0.9142186239091228,0.8699761092280227,0.9291860233608453,0.9006039955193288
UNET_Conv,sub-04_T1w.nii.gz,0.9190698482222476,0.9076871742927853,0.894321691208013,0.9317966873998673,0.9054892520955213
UNET_Conv,sub-05_T1w.nii.gz,0.9284432664259187,0.9205031212592589,0.8876741199840508,0.9408471868852346,0.9097352860357031
UNET_Conv,sub-06_T1w.nii.gz,0.9205827770880491,0.920803000114297,0.8994742386254215,0.9311272289433319,0.9100520594310686
UNET_Conv,sub-07_T1w.nii.gz,0.9175165775057446,0.9019012923428631,0.8792871577607209,0.9139534165739756,0.9004098326454613
UNET_Conv,sub-08_T1w.nii.gz,0.9004718391184212,0.9171603929352373,0.8820659728657576,0.9279921858075546,0.890798418930102
UNET_Conv,sub-09_T1w.nii.gz,0.9255928443821771,0.9305100585206864,0.9022300892346301,0.9393168861406846,0.9156049956718599
UNET_Conv,sub-10_T1w.nii.gz,0.9193073276047621,0.9125545648288662,0.9044027713376048,0.938601009990514,0.9094508218875597
UNET_Nearest,sub-01_T1w.nii.gz,0.9152817506499521,0.9121789472601016,0.8727874830382587,0.9089450364678482,0.8989576394459144
UNET_Nearest,sub-02_T1w.nii.gz,0.9263632389694889,0.9180683348619325,0.9067780784228976,0.9347850050624434,0.9165002826109788
UNET_Nearest,sub-03_T1w.nii.gz,0.9204984906831154,0.9161344659681918,0.8691368177063558,0.923565414061757,0.9027420898332281
UNET_Nearest,sub-04_T1w.nii.gz,0.9158606269804511,0.9108989980839935,0.8936608270346141,0.9331741387309838,0.9021070338976543
UNET_Nearest,sub-05_T1w.nii.gz,0.918033806751628,0.9170702353745468,0.8854587447262997,0.9321094296445136,0.9012158241762157
UNET_Nearest,sub-06_T1w.nii.gz,0.9227512214435583,0.9208388408447142,0.9014585474968875,0.9322682491552903,0.9118803746571448
UNET_Nearest,sub-07_T1w.nii.gz,0.91437765982352,0.9050029451229591,0.8757961744401761,0.9100493648163346,0.8972788956558795
UNET_Nearest,sub-08_T1w.nii.gz,0.9003374193397142,0.9133525248975266,0.8825297957479237,0.9231102354665068,0.8906735137622718
UNET_Nearest,sub-09_T1w.nii.gz,0.9243060846370225,0.9285454146836412,0.8984033831790011,0.9344535259086912,0.9136652545311462
UNET_Nearest,sub-10_T1w.nii.gz,0.9195873271621214,0.913041384952924,0.8997988090970198,0.9365683066772768,0.9095463994917719
UNET_trilinear,sub-01_T1w.nii.gz,0.9169813434045919,0.916037564384211,0.873559348808928,0.9105740113804818,0.9021569200545456
UNET_trilinear,sub-02_T1w.nii.gz,0.9244064199111547,0.9185934159292222,0.9036296050694392,0.9386963366173631,0.9139285742738725
UNET_trilinear,sub-03_T1w.nii.gz,0.9196193171569232,0.9116265406839941,0.8681941697404957,0.9153302509971212,0.9019257651830688
UNET_trilinear,sub-04_T1w.nii.gz,0.9153867437564012,0.9113956193100748,0.8940134817529657,0.9295292196588736,0.9030584298875397
UNET_trilinear,sub-05_T1w.nii.gz,0.9271885775713871,0.9217216469435253,0.8870374601068647,0.9392631006068903,0.9121329787770227
UNET_trilinear,sub-06_T1w.nii.gz,0.9227657867124305,0.9221935124170594,0.9022469819915498,0.9339299399057408,0.9122868047351134
UNET_trilinear,sub-07_T1w.nii.gz,0.9201950006191177,0.9052411578181158,0.8793164835239559,0.9151308236894359,0.903742039400619
UNET_trilinear,sub-08_T1w.nii.gz,0.9020982491512252,0.9166820662950769,0.8826882484336835,0.9302505990517662,0.8928037046401194
UNET_trilinear,sub-09_T1w.nii.gz,0.9258139745817509,0.9291731902618624,0.8969364167756797,0.9396738446399229,0.9144439988963224
UNET_trilinear,sub-10_T1w.nii.gz,0.9170452398077357,0.9113640222456452,0.8991698285555934,0.9102383601013366,0.9071777264712594
