Experiment,weight_prefix,Average_PSNR,Average_SSIM_2D,Average_SSIM_3D,Average_MAE,Average_MSE
no_coo_esta,saveEvery_epoch_epoch=150.pt,33.025177001953125,0.9461584538221359,0.9449667483568192,0.00742961256764825,0.000498501176480175
30_ESAU_3D_L1_32_trilinear,saveEvery_epoch_epoch=150.pt,32.80193901062012,0.9450252532958985,0.9434379696846008,0.007833828171715098,0.00054079470864958
30_CCallESAU_3D_L1_32_CONV,saveEvery_epoch_epoch=150.pt,29.08679618835449,0.9147545099258423,0.910406494140625,0.013827590644359521,0.0013181141635868101
VNET_L1_GAN,saveEvery_epoch_epoch=300.pt,29.17989139556885,0.9138726532459259,0.9094836711883545,0.01387934116646643,0.00126650186139155
VNET_L1,saveEvery_epoch_epoch=300.pt,31.966583824157716,0.9382244050502777,0.9362746119499207,0.00887274667620654,0.00065480006451247
ESAU_3D_L1_32_3DFilterCC_ConV,saveEvery_epoch_epoch=150.pt,31.055611228942873,0.926486611366272,0.9232262432575226,0.01008406681939956,0.00081180100096385
29_SWIN_3D,saveEvery_epoch_epoch=150.pt,19.12654685974121,0.6988027493158976,0.6818712751070658,0.048472277820110266,0.012256225571036302
23_ESAU_RA_1_3D_Trilinear_Tanh,saveEvery_epoch_epoch=300.pt,31.341700553894043,0.9290580868721008,0.9263848245143891,0.00953653259202832,0.00074872750556092
VNET_L1 copy,saveEvery_epoch_epoch=300.pt,31.966583824157716,0.9382244050502777,0.9362746119499207,0.00887274667620654,0.00065480006451247
VNET_L1_Percept,saveEvery_epoch_epoch=300.pt,31.779068183898925,0.9373225271701813,0.9352327048778534,0.009127374691888639,0.00067992534604849
22_ESAU_3D_Trilinear_Tanh,saveEvery_epoch_epoch=300.pt,31.768191146850587,0.9224151015281677,0.9194440841674805,0.0112191943917423,0.0015026899665826399
30_ESAU_3D_L1_32_conv,saveEvery_epoch_epoch=150.pt,32.78867321014404,0.9444632470607758,0.9428016126155854,0.0077457397244870205,0.0005417587497503998
30_ESAU_3D_L1_32_nearest,saveEvery_epoch_epoch=150.pt,32.79697437286377,0.9446890830993653,0.9430236756801605,0.00782447685487564,0.00054287500097411
23_ESAU_RA_3D_Nearsest_Tanh,saveEvery_epoch_epoch=300.pt,31.99519214630127,0.9237332761287689,0.9209653377532959,0.01123143490403885,0.0015706297999712904
30_CCallESAU_3D_L1_32_nearest,saveEvery_epoch_epoch=150.pt,29.188075637817384,0.9137315094470978,0.9097108900547027,0.014407765679061352,0.00153712137253019
30_ESAU_3D_L1_16_nearest,saveEvery_epoch_epoch=150.pt,32.55209674835205,0.9412100195884705,0.9395338892936707,0.008002670714631621,0.0005687295633833501
22_ESAU_RA_3D_Conv_Bounded_Tanh,saveEvery_epoch_epoch=300.pt,33.13925075531006,0.9467126488685608,0.9453192949295044,0.007640627445653021,0.0005072140163974199
30_ESAU_3D_L1_8_nearest,saveEvery_epoch_epoch=150.pt,31.830769348144532,0.9338005602359771,0.9316775679588318,0.008958189189433991,0.0006714159040711301
