model,dice_GM_mean,dice_GM_std,dice_WM_mean,dice_WM_std,dice_CSF_mean,dice_CSF_std,dice_Brainstem_CerebellarNuclei_mean,dice_Brainstem_CerebellarNuclei_std,dice_AvgAll_mean,dice_AvgAll_std
3DESAU_conv,0.9179620298550178,0.007704527495667549,0.9193718395141112,0.006931170262680996,0.7256760454203676,0.013848587718515205,0.9478834052503053,0.011615160534165328,0.9075750185689859,0.007363379041702976
3DESAU_nearest,0.9184766371390737,0.008166118884767672,0.9193254312347896,0.006899324745678791,0.7249554059070095,0.015857814880154242,0.9470891202910293,0.011884848116584168,0.9081739890171331,0.008238725259219794
3DESAU_trilinear,0.918363298248433,0.00798354761875947,0.9208290685064455,0.006942944256846356,0.725672314662819,0.015971831029293494,0.9478582717182444,0.012970954608466244,0.9079372310304119,0.008229047529012795
3T,0.8997993495876451,0.007763073603602849,0.8935097922155817,0.008081709656717308,0.6944391346557033,0.0213547603407119,0.9291507667337588,0.010907199733608665,0.8740155772486476,0.006034253213599633
7T_Self,0.999999999998564,8.161538008902932e-14,0.9999999999998558,1.4459775853674233e-14,0.9999999999999865,1.1714475161272564e-15,0.9999999999998049,1.2354332038125588e-14,0.9999999999985292,5.094625435544401e-14
BBDM,0.9162667905219978,0.005749321919619781,0.9102799055188665,0.005857814512863915,0.7113277093140562,0.01505599373618167,0.9477043951970539,0.011051276610107123,0.9044375560905756,0.00545150291266983
UNET_Conv,0.9174808742083329,0.008384047163529782,0.9162875634656034,0.008033239719172408,0.7192566977052988,0.015297270769545634,0.9463545173980222,0.013643126302880376,0.9055791717711369,0.008154536115245675
UNET_Nearest,0.9164304917702921,0.007561957380171048,0.9155132092050531,0.00633501784134118,0.7155914433674073,0.012333893732572047,0.9439251801193596,0.014725301827134912,0.9044567308062206,0.008175588357681566
UNET_trilinear,0.9181497810604133,0.0075044883817185284,0.9164028736288786,0.0068942132282504825,0.7191525808243037,0.012103140555123895,0.9391557494044417,0.019580967396102697,0.9063656942319482,0.006917068675813612
VENTPercept,0.9043556887361044,0.007878273690447267,0.9058386147747536,0.008624482123374216,0.7056504068991553,0.019333566967546748,0.942190364152107,0.01304572155650857,0.8937469337486699,0.007406602344860224
VNETGAN,0.887599787551333,0.009655317275932973,0.8853584785485396,0.013532731465051765,0.6694883012862302,0.019197376789108392,0.9366600991495417,0.011148416973618014,0.8748710741135672,0.009254705639909025
VNETL1,0.9039822935188051,0.010174261141485185,0.906942342744505,0.008607066601038578,0.7082387359854359,0.020345084236943707,0.94298703624966,0.010532800559701641,0.8937509441652247,0.010526847034838771
