Folder,MSE_mean,MSE_std,MAE_mean,MAE_std,PSNR_mean,PSNR_std,SSIM_mean,SSIM_std
30_ESAU_3D_L1_32_trilinear,0.0004938035532355437,0.00014575561179888216,0.007486774,0.0014256674,33.21355860960375,1.0781514783839314,0.9507133432194378,0.005383531001247541
VNET_L1_GAN,0.001266501828316813,0.0003677454831949925,0.013879342,0.0026256456,29.179892485080035,1.3776867001580526,0.9148280282727649,0.012936986493792086
VNET_L1,0.0006548000644735167,0.00015927109079898346,0.0088727465,0.0016942254,31.966584589484324,1.0566061185355713,0.9413618509275338,0.005540777147725889
251112_UNET_3D_L1_32_nearest,0.0005316331665546198,0.00011494573157245335,0.0077030584,0.0010334167,32.842060747348015,0.920487606108567,0.9481417693790142,0.004280758743367372
251112_UNET_3D_L1_32_conv,0.0005133077469264349,0.0001116467698008712,0.007638993,0.0011856002,32.98253370327795,0.8333320959340644,0.9488816392216984,0.00470168577184773
251112_UNET_3D_L1_32_trilinear,0.0005613335686429198,0.0001821073929248093,0.0077151186,0.0010113582,32.69932407435388,1.237464820916531,0.9489333566220515,0.004484446673763479
VNET_L1_Percept,0.0006799253440454639,0.00015356838937236517,0.009127378,0.001405098,31.779069147247945,0.9331515574303513,0.9402680700320097,0.007212651571540707
30_ESAU_3D_L1_32_conv,0.0004930883697846822,0.00013774182564668048,0.0073981835,0.001348763,33.21384039405026,1.0773018349570238,0.9505686114824468,0.005628919993991861
30_ESAU_3D_L1_32_nearest,0.0004928579119052514,0.00013269847633237239,0.0074563012,0.0013438442,33.208471519355406,1.054585836623148,0.9505616251986178,0.005567699350846309
30_ESAU_3D_L1_16_nearest,0.0005404139295533728,0.00014264968477084174,0.0077455826,0.0014056411,32.79223116355908,0.9627762334440625,0.9473221784517285,0.006168172028504521
30_ESAU_3D_L1_8_nearest,0.0005996374274093552,0.00013318537308710282,0.00826883,0.0012580917,32.32281242066371,0.9313551406240052,0.9419223992395768,0.0061560096223902865
