Experiment	weight_prefix	Average_PSNR	Std_PSNR	Average_SSIM_2D	Std_SSIM_2D	Average_SSIM_3D	Std_SSIM_3D	Average_MAE	Std_MAE	Average_MSE	Std_MSE
30_ESAU_3D_L1_32_trilinear	saveEvery_epoch_epoch=150.pt	32.80193901062012	1.0818963637233838	0.9450252532958985	0.00531607358673914	0.9434379696846008	0.00589664464338143	0.0078338281717151	0.001546034189385721	0.00054079470864958	0.00015506623543104863
VNET_L1	saveEvery_epoch_epoch=300.pt	31.966583824157716	1.113761644527212	0.9382244050502777	0.005379020500949671	0.9362746119499207	0.005956072292336436	0.00887274667620654	0.0017858645513079271	0.00065480006451247	0.00016788648737442734
VNET_L1_GAN	saveEvery_epoch_epoch=300.pt	29.17989139556885	1.4522090061951276	0.9138726532459259	0.011347956086852932	0.9094836711883545	0.01327328931369752	0.01387934116646643	0.002767678023410847	0.00126650186139155	0.0003876378014670751
VNET_L1_Percept	saveEvery_epoch_epoch=300.pt	31.779068183898925	0.983628220474821	0.9373225271701813	0.006765777274197147	0.9352327048778534	0.007654673467286107	0.00912737469188864	0.001481101323100191	0.00067992534604849	0.000161875302207492
251112_UNET_3D_L1_32_conv	saveEvery_epoch_epoch=300.pt	32.98253211975098	0.8784091738502176	0.9455477058887481	0.00493881172503117	0.9440879404544831	0.005357325392830776	0.00763899218291038	0.0012497326524261413	0.00051330773858346	0.00011768604226655083
251112_UNET_3D_L1_32_conv_150	saveEvery_epoch_epoch=150.pt	32.65907917022705	0.829814103234694	0.9430455148220063	0.005162753787866008	0.9414198756217956	0.0056104164047933325	0.00790868923068041	0.0012514539292563488	0.00055173798173194	0.00011773205385495772
251112_UNET_3D_L1_32_nearest	saveEvery_epoch_epoch=300.pt	32.84205913543701	0.9702789273721298	0.9448817253112793	0.004392720105149338	0.9433643698692322	0.004785616205708322	0.0077030580956488305	0.0010893165791291022	0.0005316331633366101	0.00012116344029692662
251112_UNET_3D_L1_32_nearest_150	saveEvery_epoch_epoch=150.pt	32.75682544708252	0.9452772882129857	0.9442007839679718	0.004419992638401825	0.9426450729370117	0.004908503437326655	0.0077748637180775	0.0010847685016135064	0.0005414392013335099	0.00011820449606961695
251112_UNET_3D_L1_32_trilinear	saveEvery_epoch_epoch=300.pt	32.69932270050049	1.3044024675397494	0.945684403181076	0.004669920372730454	0.9441950142383575	0.00507926464015069	0.0077151200268417	0.0010660636699687442	0.0005613335815723401	0.00019195804777371
251112_UNET_3D_L1_32_trilinear_150	saveEvery_epoch_epoch=150.pt	32.92103900909424	0.830818917557602	0.9447530686855317	0.004894789198759423	0.9432271718978882	0.005372703737139035	0.007704675523564179	0.0010598801811900899	0.00051896983059119	0.0001025419574605113
29_SWIN_3D	saveEvery_epoch_epoch=150.pt	19.12654685974121	0.3661054445601982	0.6988027493158976	0.0017234277356956119	0.6818712751070658	0.001776440199077535	0.048472277820110266	0.001364713742215301	0.012256225571036302	0.0010069582902407976
23_ESAU_RA_1_3D_Trilinear_Tanh	saveEvery_epoch_epoch=300.pt	31.341700553894043	0.8923806982406217	0.9290580868721008	0.0060895782668730376	0.9263848245143891	0.006949381486971714	0.00953653259202832	0.0013126859728349294	0.00074872750556092	0.00016112981726777232
VNET_L1 copy	saveEvery_epoch_epoch=300.pt	31.966583824157716	1.113761644527212	0.9382244050502777	0.005379020500949671	0.9362746119499207	0.005956072292336436	0.00887274667620654	0.0017858645513079271	0.00065480006451247	0.00016788648737442734
22_ESAU_3D_Trilinear_Tanh	saveEvery_epoch_epoch=300.pt	31.768191146850587	4.290040709720708	0.9224151015281677	0.07646708529944729	0.9194440841674805	0.0812570474787642	0.011219194391742302	0.011734617174240475	0.00150268996658264	0.0031771096138770616
30_ESAU_3D_L1_32_conv	saveEvery_epoch_epoch=150.pt	32.78867321014404	1.0638086327035077	0.9444632470607758	0.0054785549166118	0.9428016126155854	0.006254294161963836	0.0077457397244870205	0.0014271755663737094	0.0005417587497503998	0.00015127303332746085
30_ESAU_3D_L1_32_nearest	saveEvery_epoch_epoch=150.pt	32.79697437286377	1.132565853980066	0.9446890830993653	0.005885022042848063	0.9430236756801605	0.006663684586920051	0.00782447685487564	0.001564944557178501	0.00054287500097411	0.0001617518972651808
23_ESAU_RA_3D_Nearsest_Tanh	saveEvery_epoch_epoch=300.pt	31.99519214630127	4.547272234681173	0.9237332761287689	0.08002627453856602	0.9209653377532959	0.08530226393786981	0.011231434904038847	0.01258257349820287	0.0015706297999712904	0.0034752182639360652
06_ESAU_112k_3D_L1_32_conv	saveEvery_epoch_epoch=150.pt	31.584999901907786	0.7882127718709998	0.9311957274164472	0.005543389727502305	0.928760187966483	0.007152711414519012	0.009238505469901157	0.0010567062701690132	0.0007045039009036285	0.00013611399330663585
30_ESAU_3D_L1_16_nearest	saveEvery_epoch_epoch=150.pt	32.55209674835205	0.9358134262219115	0.9412100195884705	0.006098932550108917	0.9395338892936707	0.007040262783156046	0.008002670714631621	0.0013962899390661105	0.0005687295633833501	0.00014463558599147456
22_ESAU_RA_3D_Conv_Bounded_Tanh	saveEvery_epoch_epoch=300.pt	33.13925075531006	1.3043320636421414	0.9467126488685608	0.007651914564150742	0.9453192949295044	0.008904699491927213	0.00764062744565302	0.0015949365138035042	0.00050721401639742	0.00017291467779001496
30_ESAU_3D_L1_8_nearest	saveEvery_epoch_epoch=150.pt	31.830769348144532	0.9708926546910908	0.9338005602359771	0.00488741865388413	0.9316775679588318	0.005906941673598945	0.008958189189433991	0.0013756611693947738	0.00067141590407113	0.00015765459371457134
251112_SWIN_3D_128	saveEvery_epoch_epoch=150.pt	19.37175750732422	0.5017637878220683	0.7034143388271332	0.005100467945302328	0.6863011240959167	0.0053349431596273564	0.04658538661897179	0.0024685429865154503	0.01162774330005045	0.0013941582502054253
ESAU_3D_Conv_Bounded_Full	saveEvery_epoch_epoch=300.pt	32.49662685394287	1.7831080460786315	0.9450234572092692	0.007554948669179546	0.9435088733832041	0.008707979738856142	0.008424426661804266	0.0024126940163327407	0.00060747255823415	0.0002851407476272328
251114_ESAU_2D_L1_256x256_nearest	saveEvery_epoch_epoch=100.pt	29.08049201965332		0.9280115365982056		0.9140630960464478		0.0132720293477177		0.0012358071980997	